"дата","ВВП","Индекс обрабатывающего производства по ОКВЭД2, с поправкой на сезонность, 2002.1(факт)=100","1.12. Оборот розничной торговли, млрд рублей","1.13. Объем платных услуг населению (по данным оперативной отчетности), млрд рублей","Объем государственного внутреннего долга Российской Федерации - всего,млрд.руб.","Индекс промышленного производства по ОКВЭД2, с поправкой на сезонность, 2002.1(факт)=100","Количество безработных (на конец месяца), млн. чел.","Денежная масса (М2)","1.14.2. Стоимость и изменение стоимости фиксированного набора потребительских товаров и услуг  в расчете на месяц, рублей","2.3 Кредиты, депозиты и прочие средства, предоставленные  корпоративным клиентам, физическим лицам и кредитным организациям, млрд.рублей","1.9.1 экспорт товаров – всего, млрд руб.","Индекс МБ химии и нефтехимии","Индекс реального объема сельскохозяйственного производства, с поправкой на сезонность (1993.1 (факт.) =100)","1.9.2 импорт товаров – всего, млрд руб.","3.2.2. Средние цены производителей на продукцию животноводства.Птица (в живом весе), рублей за тонну ","в т.ч. по государственным гарантиям Российской Федерации в иностранной валюте:","3.1.1.4 Топливо дизельное, рублей за тонну ","3.2.1. Средние цены производителей на продукцию животноводства.Скот крупный рогатый (в живом весе), рублей за тонну ","Акции НОВАТЭК","1.14.1. Стоимость и изменение стоимости условного (минимального) набора продуктов питания  в расчете на месяц, рублей","Средняя номинальная заработная плата, руб/мес","Акции АПК: Фосагро","1.6.Инвестиции в основной капитал, млрд рублей","Численность занятых в возрасте 15-72 лет, млн человек","Индкс_ГО_МБ_RGBITR","Норма безработицы (на конец месяца), %","3.2.3. Средние цены производителей на продукцию животноводства.Молоко, рублей за тонну ","Акции  АПК: Акрон ","Ввод в действие жилых домов организациями  всех форм собственности, млн кв.м общей площади жилых помещений","3.1.1.1 Нефть обезвоженная, обессоленная и стабилизированная, рублей за тонну","Индекс производства по добыче полезных ископаемых по ОКВЭД2, с поправкой на сезонность, 2002.1(факт)=100","Акции Группа ЛУКОЙЛ","1.7. Объем работ_Строительства_в фактических ценах соответствующих лет, млрд рублей","Объем работ, выполненных по виду деятельности Строительство в текущих ценах, млрд. руб.","Индекс обрабатывающего производства по ОКВЭД2, с поправкой на сезонность, 2002.1(факт)=100","Индекс промышленного производства по ОКВЭД2, 2002.1=100","Цены на сырьевые товары: палладий, руб./грамм.","1.5. Грузооборот транспорта, включая коммерческий и некоммерческий грузооборот, млрд тонно-км ","Коммерческий грузооборот транспорта, млрд. т-км.","2.5. Просроченная задолженность по заработной плате на начало месяца, всего, млн рублей ","Объем ФНБ на начало периода, млрд. руб.","Курс акций, Сбер","Индекс нефти и газа","Индекс металлов и добычи","3.1.1.2 Газ горючий природный (газ естественный), рублей за тыс.куб.м","Цены на сырьевые товары: серебро, руб./грамм.","Индекс производства по добыче полезных ископаемых по ОКВЭД2, 2002.1=100","1.8. Ввод в действие жилых домов организациями  всех форм собственности, млн кв.м общей площади жилых помещений","Индекс обрабатывающего производства по ОКВЭД2, 2002.1=100","Цены на сырьевые товары: золото, руб./грамм.","Биржевые индексы: MOEX","Курс акций Газпром, руб","1.4.1 Производство продуктов животноводства в хозяйствах всех категорий Скот и птица  на убой в живом весе, тыс.тонн ","3.1.1.5 Мазут топочный, рублей за тонну ","Сальдо торгового баланса,  млрд.руб","Цены на сырьевые товары: алюминий, USD","Опережающий индекс","Акции АНК Башнефть, руб.","3.2.4. Средние цены производителей на продукцию животноводства.Яйцо,рублей за тыс.штук","Baltic Dry Index","Цены на сырьевые товары: никель, USD","Цены на сырьевые товары: пшеница, USD","3.4. Индексы тарифов на грузовые перевозки  (на конец периода, в % к концу предыдущего периода)","Курс USD","3.3.1. Сводный индекс цен на продукцию (затраты, услуги) инвестиционного назначения (на конец периода, в % к концу предыдущего периода)","Цены на сырьевые товары: медь, USD","Объем торгов МБ металлов и добычи, руб.","государственные гарантии Российской Федерации в валюте Российской Федерации, млрд.руб.","Учетная ставка","Всего внешний долг,экв. млн. долл. США","3.1.1.3 Бензин автомобильный, рублей за тонну","Обьем торгов, руб.","Цены на сырьевые товары: платина, руб./грамм.","Сальдо внешней торговли, млн. USD","3.5. Индекс потребительских цен  (на конец периода, в % к концу предыдущего периода)","Оборот внешней торговли, млн. USD"
2013-01-01 00:00:00,5456.667632,189.8,1710.7,494.9,4977.898,149,4.5,27164.6,10046.7,32886.9,1162.161,7849.38,255.7,651.651,59094,11389.8,22166,72980,350.3,2662.2,26840,1246.9,511.4,70.7,313.36,6,15402,1412.4,3.6,10358,135.8,2020.9,269.7,269.7,78.1,138.1,697.5663,427.3,420.9,1560,2690.63,106.86,3308.51,2908.98,1149,30.35938,135.9,3.6,155.8,1627.889,1530.715556,142.09,850,7722,16.85018319,2047.68,100,1789.8,3095,760,17401,773.56,101.7,30.297,100.6,8110.3,56607260009,906.638,8.25,50769.2,17560,176433568485,1620.386,14444,101,59087.2129
2013-02-01 00:00:00,5456.667632,189.1,1690.3,504.1,4899.157,148.7,4.3,26348.7,10106.4,32789.3,1279.916,7995.58,256.6,811.43,55985,11308.8,21385,74640,335.03,2693.3,26620,1227.7,652.5,71,317.32,5.8,15198,1429.9,2.9,10630,136.2,2021,284.1,284.1,78.3,137.3,728.756,391.9,384.5,2296,2678.63,106.75,3395.99,2918.63,1143,29.666,125.7,2.9,166.9,1585.306,1514.432,137.4,863,7705,15.52753776,2081.65,100.3214941,1909.8,3050,757,18102,736.75,99.2,30.1713,101.5,8231.55,50182667319,906.638,8.25,50644.6,19138,202564390642,1628.181,13680,100.6,67680.6465
2013-03-01 00:00:00,5456.667632,189,1840.3,516.8,4841.925,148.7,4.3,26768.4,10171.7,33541.1,1379.952,8064.77,257.2,882.672,54359,11301.7,20746,73488,327.71,2716.1,28693,1231.5,741.5,71,318.53,5.7,14950,1430.7,3.9,10723,136.6,1963,385.8,385.8,78.3,151.5,745.9457,429.3,419.2,2404,2682.58,102.9,3239.67,2688.17,1152,28.52714,137.9,3.9,187.4,1576.537,1465.8075,134.08,925,7842,16.09799681,1916.25,99.73039485,2065,3085,910,16652.5,712.25,100.1,30.8908,98.8,7721.18,51018569758,902.662,8.25,50616.5,19228,246884329391,1566.746,12904,100.3,72257.9989
2013-04-01 00:00:00,5835.960594,189.7,1850.3,527.1,4790.192,149.1,4.2,27198.6,10237.2,33800.9,1384.818,7686.61,257.9,931.548,54213,11301.1,20286,75002,314.9,2773,30026,1280.2,771.6,71.1,317.17,5.6,15232,1320,3.7,9707,137.1,1980.1,399.7,399.7,78,145.9,712.05,417.1,407.2,2568,2696.73,97.89,3178.59,2397.3,1266,25.80381,134.5,3.7,184.6,1503.458,1383.882727,124.15,915,7738,14.4629866,1867.56,99.16099437,1930,3234,863,15620,700.06,105.8,31.34,99.8,7208.05,59843178645,899.362,8.25,49803.9,19006,245787609901,1503.63,12548,100.5,73362.9039
2013-05-01 00:00:00,5835.960594,191,1902.3,525.6,4909.188,149.7,3.9,27377.1,10333.8,34763.2,1292.031,7524.36,258.9,833.976,53347,11384.1,19842,74616,290.5,2878.2,29723,1309,987,71.7,327.86,5.2,14976,1232.1,3.4,9208,137.6,1960.8,449,449,77.6,144.9,729.2861,425.1,414.7,2517,2727.79,102.86,3012.73,2279.33,1259,23.10778,139.2,3.4,184.2,1416.833,1399.142857,123.4,885,7565,14.66808633,1840.75,99.15342013,1989.7,3005,809,14888.25,699,100.3,31.228,100.7,7281.91,44574789068,894.784,8.25,49837.4,18627,223806826798,1484.428,12277,100.7,66043.1814
2013-06-01 00:00:00,5835.960594,192.5,1940.2,539.5,4949.326,150.5,4.1,27593.4,10409.9,35396.6,1364.007,7502.69,260.2,922.422,54641,11269.5,19507,71394,318.47,2969.8,30986,1240.1,1160.1,71.4,317.99,5.4,14783,1295.1,5.1,9744,137.8,1873,546.6,546.6,77.3,148.3,742.1435,400.2,389.4,2295,2739.33,90.62,2941.2,2127.57,1271,22.1625,136.8,5.1,195.8,1395.631,1316.657368,109.1,851,7990,13.8732328,1811.04,98.9219914,2009.9,2363,1171,14188,687.88,100.2,31.83,100.8,7057.04,43257333789,894.784,8.25,49645.5,18533,222482933876,1485.855,11517,100.4,68582.5488
2013-07-01 00:00:00,6334.48977,193.6,1991.2,555.5,4951.261,151.1,4,28212.3,10569.3,36185.4,1434.004,7264.6,261.7,996.567,53133,11266.5,19980,70732,349.26,2962,30229,1200,1053.2,71.8,313.11,5.3,14710,1240.1,4.2,10629,137.9,1889,562.2,562.2,76.9,149.7,752.7564,411.2,399.9,2537,2828.23,97.83,3022.1,2004.36,1329,20.69591,140.6,4.2,196.2,1349.453,1381.933478,128.61,895,8439,13.48915162,1778.65,99.21079688,1845,2433,1062,13803.5,660.5,103,32.4288,100.1,6917.04,41301635571,893.684,8.25,49568.1,19027,209598336998,1471.285,11541,100.8,71998.0447
2013-08-01 00:00:00,6334.48977,193.9,2041.1,559.5,4969.57,151.3,4,28443.9,10558.3,37015.7,1409.8,5948.32,263.2,944.3,55518,11270.5,20696,70140,358,2838.6,29226,984,1147.2,72.4,318.35,5.2,15139,1072.5,5.1,11261,137.8,1960.1,555.6,555.6,76.6,151.7,786.0835,416.7,405.1,2526,2858.04,89.82,3192.44,2071.59,1347,22.97739,141.2,5.1,199.7,1429.087,1383.65,131.9,896,8965,14.08472012,1839.48,99.23636693,2009.8,2675,1132,14375.25,642,100.2,33.05,101,7311.95,49258320741,890.657,8.25,49550.6,22298,187161206086,1584.763,11731,100.1,68594.6398
2013-09-01 00:00:00,6334.48977,193.6,2019.7,554.9,5027.111,151.1,4,28499.9,10550.3,37469.5,1446.045,6019.82,264.5,928.445,55311,11264.2,21020,69562,362,2758.2,29346,995,1202.5,71.8,315.05,5.3,15956,1010,6.8,12096,137.6,1931.2,601.4,601.4,76.2,151.5,741.616,424.2,412.3,2679,2884.79,95.83,3249.79,2103.86,1343,23.8195,138.2,6.8,199.5,1414.547,1448.436667,144.15,1036,9018,15.80911773,1766.68,99.3649802,1905,3156,2003,13779.5,645,99.9,32.7406,101.3,7221,51595633254,909.99,8.25,49539.4,22808,289101927940,1535.008,12002,100.2,71518.8634
2013-10-01 00:00:00,6701.449047,193,2083.1,565.5,5109.129,150.7,4.1,28352.6,10624.4,37558.6,1391.404,6226.21,265.5,981.036,53850,11264.7,21009,70519,385.14,2801.8,30069,967,1449.9,71.5,322.89,5.5,17041,1003.1,6.7,11532,137.4,2055,591.9,591.9,75.8,159.1,746.9452,453.8,441.6,3169,2847.35,102.85,3479.85,2165.62,1293,22.54217,142.7,6.7,206.1,1356.476,1505.321739,150.4,1179,8369,12.92709357,1819.93,99.32993161,1903.7,3593,1504,14035,689.88,95.9,31.7448,100.3,7256,67527132752,933.133,8.25,55778.8,22410,307554181552,1456.866,12640,100.6,71808.9258
2013-11-01 00:00:00,6701.449047,192.3,2099.5,569.1,5210.2,150.2,4.1,28276.4,10689.6,38196.1,1549.973,6178.83,266.2,989.062,51871,11395,21947,71517,412.25,2836.3,30290,974,1431.9,71.4,327.43,5.4,18313,960,7.6,10392,137.2,2102.4,586.1,586.1,75.3,164,771.4024,430.6,419.3,2999,2845.19,102.91,3555.37,2177.6,1289,21.97571,138.2,7.6,218.9,1343.468,1495.2355,143.1,1361,8321,17.28480699,1751.57,98.83551011,1870,4206,1821,13697.5,651.25,101.8,32.4511,99,7093.41,56400506977,941.797,8.25,55890.7,21554,277096193149,1495.502,13626,100.6,74193.5611
2013-12-01 00:00:00,6701.449047,192.3,2517.2,599.8,5338.126,150,4.2,28873.3,10737,39115.2,1616.862,6129.86,266.6,1063.725,52723,11394.9,22847,70001,398.47,2871.5,39648,968.9,2341.5,70.9,320.35,5.6,18872,978,17.5,11328,137,2041.1,787.4,787.4,75,169.9,755.061,456.1,444.5,2893,2922.79,101.17,3425.43,2172.43,1301,20.72762,142.9,17.5,222.8,1289.889,1475.401429,138.75,1533,7717,16.62909762,1750.63,99.02225143,1920,4341,2277,14012.25,622.75,100,33.2632,100.9,7286.32,48163382638,979.699,8.25,55834.6,20108,281769457868,1429.77,15130,100.5,79069.4257
2014-01-01 00:00:00,5770.464545,192.9,1867.1,559.5,5722.239,150,4.2,31155.6,10952.9,38767.9,1391.98,6458.47,266.9,740.04,54131,11399.1,23366,71502,398.01,2922.9,29535,949.6,492.2,70.4,324.85,5.6,19229,1130,4.8,11604,137.1,2017.9,263.3,263.3,75,169.9,797.9729,441.7,434.7,1949,2900.64,98.65,3486.93,2261.83,1276,21.64,136.9,4.8,156,1351.497,1478.061053,145.16,869,7648,19.24898432,1735.8,98.05413339,2015.9,3705,1110,14149,571.38,96.3,33.8688,100,7355.76,54757928436,1289.854,8.25,55794.2,19290,285358348932,1549.365,15718,100.6,58494.3867
2014-02-01 00:00:00,5770.464545,193.8,1871.3,571.9,5733.566,150.4,4.2,29861.2,11057.5,40249.6,1308.615,6662.89,267.5,868.805,53288,11399,22514,70265,394.47,2998.3,29255,1077,650.2,71,319.58,5.6,20104,1169,4.2,11059,137.3,1994,286.4,286.4,74.5,168.6,821.3745,396.3,387,2487,3079.94,94.66,3423.8,2266.77,1277,23.3865,128.5,4.2,163.2,1467.268,1475.6195,139.2,880,8000,12.61606777,1702.21,97.81322167,1988.5,3296,1258,14193.75,591.88,100.2,34.8611,101.1,7151.56,61984128686,1289.644,8.25,55750.9,20430,298759346148,1592.791,14514,100.7,58335.294
2014-03-01 00:00:00,5770.464545,194.6,2054.5,591.6,5754.951,150.6,4,30169,11193.2,40849,1673.861,6680.13,268.9,977.906,55528,11322.6,22303,70876,401,3080.4,31486,1189.7,741.7,71.1,320.41,5.4,20400,1066.9,5,11992,137.3,1932,384.5,384.5,73.9,177.1,895.3345,430.9,422,2665,3145.34,78.45,3442.5,2344.57,1282,24.2725,136.7,5,176.2,1557.811,1316.31,135.5,943,8989,19.24319048,1711.55,95.88525591,1608.2,3452,1362,15720,689.73,100.1,36.1663,99.1,6586.07,95357142109,1284.894,8.25,55666.9,21803,485593865207,1688.697,13314,101,72764.9889
2014-04-01 00:00:00,6348.063129,195.3,2042.9,599.2,5707.239,150.8,4,29519.3,11288.6,40346,1695.75,6568.62,271.1,992.46,56740,11322.6,22483,71267,353.02,3137.5,32947,1182.5,779.4,71,315.09,5.3,20497,1054.7,4.3,12242,137.2,1955.1,402.5,402.5,73.3,174.6,905.5227,414.5,405.6,2569,3122.51,72.65,3280.8,2187.08,1433,22.64818,134.1,4.3,176.5,1489.941,1338.346364,128.77,960,9655,19.74208326,1835.75,95.91372474,1926.2,3471,943,17791.25,676.94,102.3,35.6239,99.6,6710.91,57483883916,1276.044,8.25,54881.5,22104,320831230146,1641.841,12828,100.9,73774.0964
2014-05-01 00:00:00,6348.063129,195.7,2095,585.4,5714.967,150.9,3.7,29879,11416.9,41525.4,1525.086,6769.49,273.7,910.188,59575,11315.5,22708,73394,342.07,3235.7,32272,1250,1010.4,71.6,311.22,4.9,20064,1184,4.6,11955,137,1864.5,441.8,441.8,72.7,173.9,918.8355,431,420.6,2632,3127.94,78.95,3216.08,2190.4,1426,21.7155,137,4.6,175.8,1443.981,1395.075,141.7,939,9670,17.67994848,1748.13,96.3178992,2100.1,2954,934,19409.63,683.88,100.1,34.7794,101.5,6920.07,57866941088,1276.044,8.25,54875.4,22157,281967612139,1633.297,13038,100.9,68655.3762
2014-06-01 00:00:00,6348.063129,195.8,2118.8,601.9,5739.107,150.8,3.7,29890.8,11488,42048.9,1365.378,6605.67,275.9,897.921,62924,11313.9,22775,74634,374.9,3281.9,33726,1218,1195.2,71.9,320.63,4.9,19307,1362,6.8,12263,136.8,1978,568.7,568.7,72.4,174.4,920.0217,411.8,401.2,2720,3033.17,86.56,3363.73,2357.12,1425,21.77111,133.8,6.8,181.5,1414.136,1485.055263,148.96,904,9438,13.63655458,1840.88,96.52367407,2288.9,2822,850,18640.5,591.41,100,34.2797,100.3,6823.34,49781008480,1275.551,8.25,54810.3,23295,273305342773,1606.127,13337,100.6,65968.9421
2014-07-01 00:00:00,6848.001392,195.5,2192.2,611.9,5757.204,150.6,3.7,30073.1,11545.4,42058.7,1650.726,6692.17,277.3,1043.316,67139,11313.9,22214,73966,418.25,3180.1,32515,1270,1082.1,72.2,324.85,4.9,18704,1235,5.8,12348,136.7,2035.1,568.7,568.7,72.4,175.6,968.1517,411.8,400,2419,2957.38,76.56,3571.65,2375.81,1600,23.33,135.6,5.8,181.8,1462.802,1448.89913,132,938,9479,17.31568535,1971.63,95.62236685,2381.6,3279,755,19113,536.31,104.6,35.0786,100.8,7148.53,61480740826,1261.176,8.25,54672.5,24742,298333851395,1660.832,12735,100.5,73558.908
2014-08-01 00:00:00,6848.001392,194.9,2263.8,618.6,5791.262,150.3,3.7,30178.3,11501.1,42646.3,1528.902,6385.78,277.7,934.329,69772,11310.4,21843,73685,364.96,3017.5,30763,1329,1178.8,72.4,314.79,4.8,18415,1139.5,5.7,11584,136.9,1995,572.7,572.7,72.7,175.6,1017.07,411.4,400.4,2285,3088.79,77.44,3294.18,2480.11,1640,23.06545,136.5,5.7,180.7,1504.143,1404.188571,131.95,944,9775,16.4978149,2019.55,94.46960503,1947.5,3306,1147,18524.25,546,100.9,36.0395,101.4,6996.96,49367954269,1260.176,8.25,54604.6,25272,219389116353,1682.775,12068,100.2,64870.0314
2014-09-01 00:00:00,6848.001392,194.4,2241.3,621.5,5742.744,150.1,3.7,30338.7,11543,42925.5,1500.759,6256.57,277.1,1024.14,72280,11304.2,21900,78609,371.39,2996.1,31929,1261.2,1232.3,71.9,313.81,4.9,18591,1144.2,7.4,10836,137.2,2052,615.2,615.2,73.2,176.9,1031.358,417.9,405.9,2558,3150.5,77.68,3381.83,2588.98,1608,22.71,135.8,7.4,183.2,1514.019,1441.750455,137.9,1105,10071,12.44413287,1991.81,94.3305919,1929,3227,1063,18109.5,498.81,100.3,38.3007,100,6816.46,61216631588,1256.658,8.25,54553.5,25998,247002178196,1666.312,11829,100.7,62535.718
2014-10-01 00:00:00,7376.817625,194,2310.9,628.6,5739.132,150,3.9,30297.6,11642.9,43860.7,1800.685,6555.05,275.8,1162.852,73390,11304,22224,75119,408.77,3043.7,32439,1306,1507.8,72,321.25,5.1,19775,1242,7.9,11183,137.5,2009,603.2,603.2,73.6,182.8,1020.123,440.3,427.6,2532,3276.79,72.34,3442.73,2620.4,1495,22.64696,140.6,7.9,186.3,1607.217,1395.17913,141.5,1238,9380,15.04557313,1933.5,93.25124554,1250,3367,1428,15655,510.5,94.9,42.3934,100.3,6678.39,92262562832,1243.046,8.25,53746.4,26167,276801911053,1658.184,12844,100.8,66473.201
2014-11-01 00:00:00,7376.817625,193.9,2343.6,632,5753.841,150.1,3.9,29831.2,11799.6,45214.7,1810.044,6881.63,274.5,1139.292,71788,11285.7,23081,77402,440.06,3139.4,32546,1366,1460.8,71.6,314.86,5.2,20133,1325,7.9,10215,137.8,2113.4,600.5,600.5,73.9,181.6,1152.687,429.4,418.6,2608,3547.02,73.28,3669.93,2807.04,1495,23.77947,137.5,7.9,184.1,1748.957,1515.470526,142.86,1421,8792,14.17094664,2056.73,91.63647632,1333,3652,1153,15603.38,544.19,100.4,47.3329,100.8,6653.31,79603286866,1243.046,8.25,53704.6,25518,265703458515,1795.796,14289,101.3,58271.2047
2014-12-01 00:00:00,7376.817625,194,2954.8,680.2,5759.2,150.4,4,30141.9,12034.9,47418.8,2143.506,7277.06,273.8,1378.37,70537,11604.1,23587,81604,459.7,3297.9,42136,1629,2571.7,71.4,310.43,5.3,20792,1430,19.8,10064,138,2280,817.7,817.7,74,192.5,1443.144,442.9,431.9,2426,3944.12,66.26,3835.65,3263.88,1639,29.09364,142.4,19.8,201.7,2149.139,1469.993182,130.31,1616,7242,13.71938342,1900.68,88.3137296,1250,4262,782,16153.25,611.25,101.3,55.77043636,102.1,6352.11,124820239093,1332.061,8.25,53972.2,20946,391409466964,2178.254,16345,102.6,60800.6465
2015-01-01 00:00:00,6155.970935,194.1,2049.3,610.8,7241.169,150.6,4.2,31615.7,12506.7,49069.5,1923.147,7746.89,274.1,840.946,75038,12083.2,23943,84698,430.6,3592.5,30929,1662,516.9,71.8,278.62,5.5,21121,1800,6.2,9391,138,2201,305.2,305.2,73.9,171.2,1636.598,425.5,417.7,2006,4388.09,63.28,3534.14,3461.01,1539,36.35375,138.1,6.2,158.4,2648.264,1583.673684,143.82,947,5613,16.61012611,1820.09,84.24334612,1256,4579,608,14822.13,540,104,65.1530875,102.8,5706.68,81634288476,1765.456,8.25,54355.4,20945,274151711075,2621.998,18330,103.9,39278.6671
2015-02-01 00:00:00,6155.970935,194.4,2023.4,617.8,7240.896,150.8,4.4,31033.7,12723.2,51452.8,1801.338,10331.86,275.3,943.558,74096,12070.3,23501,88254,469.4,3730,31325,2292,681.7,71.4,279.01,5.8,21571,2366,6.1,9521,138,2805.1,358.4,358.4,73.6,168.4,1629.701,391.7,382.6,2507,5101.83,67.21,4177.33,4537.47,1379,35.04947,128.9,6.1,163.5,2559.477,1753.439474,152.95,950,6806,13.29516865,1812.8,85.2095578,1525,4792,540,14540.5,520.5,101.2,64.51817368,102.1,5714.95,89900030286,1761.561,8.25,54305.5,20663,362662098257,2496.691,16695,102.2,43933.4477
2015-03-01 00:00:00,6155.970935,194.6,2195.5,644.5,7159.78,150.9,4.5,31225,12830.1,49285.7,1923.334,10114.46,276.9,999.666,74597,12064.3,25001,92370,505,3774.3,32642,2128,762.1,71.6,288.29,5.9,21716,2450,6.3,12800,137.9,2989,451.8,451.8,73.3,179.1,1532.734,434.9,425.4,2875,4590.59,72.31,4495.45,4381.95,1357,31.39,139,6.3,178.4,2291.703,1656.598571,138.9,1030,8291,15.30186742,1777.99,85.07931276,1685,4775,602,13850,510.5,99.9,60.36309,97.5,5884.16,115366961297,1628.23,8.25,54268,22396,290294626683,2213.95,16710,101.2,49075.4157
2015-04-01 00:00:00,6583.671663,194.8,2157.7,638.3,6986.477,150.9,4.4,31028.8,12897.9,48405.5,1587.19,9626.19,278.5,837.54,73482,12064.2,25336,94324,430,3785.7,34377,2007,802,71.6,303.74,5.8,21375,2272,5,14527,137.9,2695.3,457,457,73.1,174,1307.214,410.3,401.3,2947,4346.94,71.88,4206.68,4079.78,1681,28.04952,134.8,5,174,2049.506,1677.482727,153.5,1001,7650,14.08621526,1790.89,87.08573194,1895,4383,591,12643.38,500.5,102.9,53.21869545,100.9,6048.13,110196561615,1603.442,8.25,53481.4,22498,307789030726,1967.708,17686,100.5,46118.7066
2015-05-01 00:00:00,6583.671663,194.9,2212.6,621.9,7100.311,150.8,4.3,31696.9,12955.5,47077.6,1626.179,9724.5,279.8,810.441,71386,12064.3,24985,95023,499.1,3824.3,34380,2071,989,72.7,322.54,5.6,20708,2251,4.7,13648,138.1,2657,482.3,482.3,72.8,172.8,1271.844,415.5,405.8,2934,3946.42,75.85,4375.47,3742.44,1729,27.35474,137.5,4.7,173.1,1946.891,1673.451667,139,982,8052,16.16348341,1813.4,88.29621095,2160,4021,589,13728.9,483.13,99.7,50.46795789,100.6,6415.75,77102987006,1607.597,8.25,51480.4,22896,193837997689,1854.543,16933,100.4,44918.3545
2015-06-01 00:00:00,6583.671663,194.9,2222.3,652,7160.382,150.8,4.1,31820.4,12953.6,47556.5,1671.152,9450.28,280.8,899.424,68290,12062.8,24751,94665,521,3792.7,35395,1980,1186.6,72.4,326.68,5.3,20057,2099,6.4,14675,138.3,2485,635.3,635.3,72.7,174.5,1278.945,400,389.4,3277,4018.51,72.35,4126.25,3689.5,1718,28.224,134.2,6.4,181.3,2070.359,1650.301429,145.85,945,8201,14.17339957,1694.63,87.58577129,2000,3370,800,12778.18,513.19,100.4,54.44904,100.3,5828.21,67836914414,1583.108,8.25,51453.7,25503,208460419356,1910.444,16550,100.2,45325.3069
2015-07-01 00:00:00,7262.863135,194.7,2300.1,667.8,7041.289,150.8,4.1,31936.3,13159.6,48422.4,1610.427,9552.91,281.2,991.032,69430,11989.1,25174,95842,558,3765.8,33901,2085,1064.2,73.1,325.17,5.3,19490,2231,5.5,13961,138.4,2469.9,605.8,605.8,72.6,175.8,1186.898,421.3,409.7,3314,4200.53,72.3,4311.34,3730.6,1936,27.78739,137.5,5.5,181,2086.897,1627.936957,142.5,988,8733,10.83243406,1646.5,87.04826556,1908,3224,1131,11498,564.13,107,57.17966957,100.4,5476.85,94035223405,1585.651,8.25,51324.3,27659,230539115920,1875.651,16441,100.8,43191.5419
2015-08-01 00:00:00,7262.863135,194.3,2375.6,670.4,7171.129,150.8,4.1,32072.5,13129.8,49664.4,1662,11080.96,281.2,1076.976,70085,11983.7,24931,96234,589.1,3583.9,32176,2450,1152.7,73.3,332.17,5.3,19446,2574,5.2,13046,138.6,2527,611,611,72.6,176.4,1249.908,415.3,402.9,3519,4398.15,72.45,4355.96,3966.09,2002,31.38333,138.5,5.2,180.8,2348.537,1687.820952,148.19,1001,7688,8.942177601,1555.45,85.37981103,1903,3255,903,10424.5,498.85,100.9,65.42299048,102.7,5132.65,101959416194,1589.307,8.25,51289.8,28264,257055636902,2071.075,17243,100.4,40824.6963
2015-09-01 00:00:00,7262.863135,193.9,2321.8,674.7,6955.448,150.7,4,32361,13175.6,51690.3,1742.112,12674.12,281.3,1112.832,69399,11977.8,24963,97093,626.6,3516.7,32911,2868,1211.8,72.9,324.45,5.2,19757,2776,7,11429,138.7,2535.4,696.8,696.8,72.5,177.4,1291.387,423.8,411.3,3233,4903.67,73.976,4501.75,4189.76,1979,31.57864,137.6,7,183.3,2416.286,1688.442273,134.55,1154,6649,9.422772039,1598.9,85.02497526,1780,3640,900,9893,487.6,100.1,66.78289545,100.9,5200.72,92257462360,1582.954,8.25,51300,27849,250784351387,2088.838,18314,100.6,42774.95
2015-10-01 00:00:00,7693.280952,193.6,2384.5,679.8,6979.189,150.7,4.3,32052.5,13265.6,52358.6,1737.99,12547.1,281.6,1087.853,69651,11977.8,25327,93301,598.8,3516.5,33357,2801,1569.2,72.5,333.3,5.5,20291,3053,7,13101,138.8,2250.7,706.4,706.4,72.5,183,1399.467,462.5,450.3,3466,4878.8,87.7,4323.63,4000.78,1976,31.8587,142.7,7,185.7,2349.121,1701.555455,135.75,1281,6467,10.27956307,1550.31,85.49886853,1730,4094,721,10383.5,509.63,94.5,63.24558696,99.7,5213.12,103794343089,1585.069,8.25,50226.4,26649,260235967801,1978.058,18860,100.7,43635.8985
2015-11-01 00:00:00,7693.280952,193.6,2386.5,679.8,7119.134,150.7,4.4,32161,13337.1,52057.6,1682.496,11902.62,282.4,1086.336,71065,11977.8,25636,95098,581.8,3547.2,33347,2644,1471.8,72.2,350.05,5.8,21061,3101,7.8,13051,138.9,2319.1,730.7,730.7,72.4,182.4,1201.827,446,434.9,3505,4728.39,105.6,4476.88,4025.01,1783,30.43737,138.8,7.8,185.7,2275.493,1780.4595,138,1458,6170,9.167522755,1471.5,84.94610473,1928,4461,584,9370,494,100.2,65.02956316,100.6,4707.71,82153631790,1643.908,8.25,50189.3,24767,263954565824,1857.401,19466,100.8,41380.8412
2015-12-01 00:00:00,7693.280952,193.8,2897.5,724.4,7160.043,150.8,4.4,32745,13404.3,52693.6,2091.656,12436.86,283.5,1275.4,70605,11976.3,25463,95387,623.8,3589.9,43408,2706,2489.2,72.3,356.13,5.8,21718,3278,18.1,11417,139,2548.9,969.7,969.7,72.3,191.3,1234.97,461.2,450.1,3900,4784.05,101.34,4568.21,3806.12,1785,31.57609,142.8,18.1,200,2394.297,1743.578182,136.09,1660,4957,11.71017548,1499.5,83.92306732,1998,4909,478,8664.25,474.38,100.6,69.70484783,101.4,4610.98,87665515866,1638.908,8.25,50128.6,21995,231839116013,1926.879,20506,100.8,45372.427
2016-01-01 00:00:00,6295.040361,194.1,2129.1,638.2,7307.611,150.8,4.4,35179.7,13517.1,54263,1285.407,13625.12,284.8,736.666,69361,11875.9,22574,98094,594.1,3627.1,32660,2830,682.4333333,71.3,360.56,5.8,21909,3792,5.5,10344,139.2,2351,300.3,300.3,72.2,170.3,1235.733,429.6,422.4,3572,5227.18,91.52,4612.3,3784.37,1865,35.0875,139.2,5.5,154.5,2748.433,1700.197222,136.6,990,3505,7.041060481,1479.43,81.76059818,1985,4952,317,8547.5,473.75,100.7,77.934425,102,4407.61,86234649296,1734.516,11,50002.3,19693,235461295969,2120.062,19069,101,26735.4203
2016-02-01 00:00:00,6295.040361,194.4,2119.2,666.1,7272.792,150.9,4.4,33966.5,13590.4,55015.4,1509.309,13290.52,286.4,968.661,69919,11875.9,21378,95961,637.9,3649.8,33873,2735,682.4333333,71.5,357.47,5.8,21931,3570,4.7,8215,139.4,2560.5,357.4,357.4,72.4,170.4,1258.899,407,398.4,4332,5348.66,102.1,4827.51,3839.08,1799,37.37053,133.6,4.7,163.7,2965.812,1772.204762,141.4,1032,3371,6.99157538,1519.13,82.44188065,2015.5,4755,329,8414.75,461.94,99.8,77.32849474,100.5,4593.35,85516462908,1733.293,11,49995.5,21555,251813775609,2284.701,18007,100.6,32489.5592
2016-03-01 00:00:00,6295.040361,194.4,2246.6,684.5,7239.115,151,4.6,34309.6,13658.3,55035.2,1568.552,13468.76,288.5,1041.194,70779,11870.1,21520,98692,641.3,3655.3,35501,2771,682.4333333,71.6,367.37,6,21920,3730,5.4,10466,139.7,2686,464.7,464.7,72.7,180.2,1268.867,434,425.1,3303,5356.96,108.3,4930.45,4122.25,1791,34.75857,140.5,5.4,179.3,2811.148,1873.574091,147.75,1090,4117,7.488931959,1516.63,83.89605214,2649,4541,429,8679.13,465.5,99.5,70.41831905,97.3,4941.13,100387429234,1670.324,11,49987.4,23444,308387806284,2175.222,17403,100.5,38189.9135
2016-04-01 00:00:00,6817.411548,194.2,2221.6,682.4,7265.907,151.2,4.5,34689.4,13716.4,53349.3,1402.394,14012.85,290.8,971.383,68881,11870.1,21119,99125,597,3677.6,36497,2788,1034.433333,71.8,377.05,5.9,21710,3670,4.7,12909,140,2604,460,460,73.1,173.9,1226.45,413.1,404.7,4471,4947.33,118.41,4971.78,4189.42,1787,34.74091,136.8,4.7,172.6,2660.385,1914.257619,168.47,1055,4264,6.46361667,1551.73,85.32494446,2596.5,4394,703,8919.5,471.25,108.9,66.68263636,100.3,4763.65,118059822910,1589.476,11,49363.2,22090,339014094743,2125.209,16855,100.4,36516.8888
2016-05-01 00:00:00,6817.411548,194.1,2256.6,672.5,7299.487,151.4,4.3,35105.5,13790.9,52741.8,1453.76,13746.44,293,951.552,69972,11870.1,21360,98508,608.8,3740,37270,2829,1034.433333,72.2,381.42,5.6,21325,3530,4.4,12980,140.3,2715.5,479.6,479.6,73.4,173.4,1215.284,418.4,409.7,4054,4751.69,127.87,5184.86,4442.43,1836,35.65167,139,4.4,172.3,2660.7,1904.697895,145.5,1045,4570,7.627859284,1548.73,85.35899934,2869,3661,612,8603.88,467.99,100.1,65.83865556,101.5,4630.83,70943293959,1521.458,11,49253.4,22323,259181029564,2183.579,16790,100.4,35905.1092
2016-06-01 00:00:00,6817.411548,194.3,2282.4,688.6,7261.743,151.7,4.2,35642.9,13863.5,52784.4,1542.24,14116.92,294.8,1028.16,70138,11868.5,23423,97144,652.4,3816.6,38447,2875,1034.433333,72.7,384.57,5.4,20860,3795,6.8,14033,140.8,2595,627.1,627.1,73.7,175.8,1151.917,407,395.7,4004,4823.19,133.5,4881.2,4369.3,1829,35.77143,136.6,6.8,181,2658.329,1896.928571,139.51,1002,5958,7.882333339,1599.25,85.72968581,2907,3273,660,8951.75,478.69,100,65.21926667,100.7,4590.04,65070632006,1519.474,10.5,50946.5,23810,230751028937,2060.34,17465,100.4,39584.867
2016-07-01 00:00:00,7411.705074,194.8,2339.3,702,7363.156,152.1,4.1,35856.9,14041.5,52607.2,1501.92,13831.27,296.2,1079.505,70388,11868.5,23294,96493,645.7,3819.2,35888,2768,1205.3,73.1,393.33,5.3,20522,3425,5.7,13949,141.3,2685.5,635.7,635.7,74,176.3,1323.955,427.4,416.2,3804,4675.36,136.75,4893.53,4384.69,1754,41.07409,140,5.7,179,2764.523,1921.726667,137.3,1016,5913,6.565563258,1642.08,85.80905482,2930,3434,656,10323,421.63,102.3,64.33796818,99.9,4895.93,84895855272,1519.474,10.5,50882.5,24870,213735885503,2239.552,17381,100.5,38136.5503
2016-08-01 00:00:00,7411.705074,195.8,2476.4,724.7,7431.191,152.8,4,36031.7,14013.2,53316.7,1499.421,14324.16,296.8,1194.344,72673,11861.6,22302,97650,651.9,3715,35405,2731,1205.3,73.5,394.88,5.2,21153,3425,5.6,12258,141.8,2877,646.6,641.9,74.4,178.7,1462.115,427.6,415.8,3666,4842,137.37,4859.19,4855.03,1892,41.005,140.5,5.6,183.7,2799.94,1963.958696,134.95,1042,5635,4.698079999,1635.6,86.21447283,2900,3494,711,10318.75,414.63,100.1,64.93652727,100.6,4764.76,71076712839,1518.313,10.5,50871.5,24284,191736133108,2355.186,16667,100,41044.8099
2016-09-01 00:00:00,7411.705074,196.7,2406.8,711.9,7345.051,153.6,4,36169.6,14023,53052,1604.264,14793.74,296.6,1136.88,74726,11855.9,22165,96112,684.1,3632.1,35843,2581,1205.3,73.1,401.24,5.2,21214,3665,6.7,12926,142.3,2939,701,696.4,75,180.1,1411.8,441.2,429.1,3531,4719.17,150.07,4902.05,4857.65,1795,39.96364,141.1,6.7,185.2,2752.075,2005.435909,134.9,1177,6741,7.239842606,1573.94,86.6798869,3178,3773,875,10220,399.5,100,64.55720455,100.9,4741.61,85850053167,1518.313,10.5,50864.6,22275,208015487915,2179.041,15424,100.2,42862.2879
2016-10-01 00:00:00,8014.537617,197.6,2432.1,713.1,7383.563,154.4,4.1,36148.8,14091.5,52571.1,1559.92,14357.2,295.7,1144.78,75688,11855.9,22510,96635,682.4,3638.2,35749,2490,1994.133333,72.5,406.17,5.4,22253,3380,6.1,13222,142.7,3063.5,741.4,741.4,75.5,186.5,1319.561,459.4,447.7,3658,4617.54,148.5,4847.97,4828.23,1500,35.86238,145.6,6.1,190.1,2559.888,1977.359048,138.84,1293,7468,6.629510834,1664.75,87.00837519,3295,4346,857,10281.5,408.56,94.5,62.62000476,99.8,4747.4,84680268346,1514.851,10,51475.7,21392,172440673199,1938.623,15042,100.4,42643.3969
2016-11-01 00:00:00,8014.537617,198.2,2423.9,729.8,7422.921,154.9,4.1,36051,14159.9,52500.2,1720.91,13899.78,294.6,1142.944,78276,11855.9,23411,94907,665.5,3670.5,36195,2369,1994.133333,72.6,402.99,5.4,23480,3000,7.3,13633,142.9,3098.5,780.1,780.1,75.9,188.4,1427.066,457.5,446.2,3790,4541.93,154.71,4924.12,5190.49,1437,36.15286,142.1,7.3,194.1,2566.447,2037.320952,148.8,1484,7219,8.986664702,1724.69,86.72576192,3328.5,4593,1204,11235.25,406.63,100.3,64.3137381,99.7,5538.03,131099334125,1513.323,10,51442.1,22325,269291396226,1975.455,16192,100.4,43810.9759
2016-12-01 00:00:00,8014.537617,198.5,2906.9,764,7602.353,155.3,4.1,36433,14212.1,53109.4,1892.592,14587.16,293.7,1188.936,78838,11733.3,25557,90379,734.4,3701.9,47554,2542,1994.133333,72.8,402.55,5.3,23894,3415,17.3,12607,143.1,3189,1019.6,1019.6,76,196.2,1409.234,475.7,464.6,3850,4628.09,171.37,5273.93,5548.85,1434,32.64609,147.2,17.3,203.8,2300.077,2195.487273,154.55,1670,7870,11.33260374,1723.79,88.2442393,3554,4823,961,11159.19,401.75,99.8,62.0912913,99.9,5728.73,114914376274,1608.006,10,51271.3,23066,303668962170,1832.772,17687,100.4,50199.5423
2017-01-01 00:00:00,6862.039687,199,2215.1,691.6,8003.455,155.6,4.3,38418,14383.4,52816,1529.50784,14419.65,293.3,819.25888,75423,11730.5,25845,94363,794.9,3726.4,34422,2600,747.9,71.8,414.1,5.6,25436,3580,4.3,15004,143.3,3445,344.9,311.9,75.9,177.2,1442.771,464.7,456.9,2725,4359.16,173.79,5695.83,5555.42,1699,32.30375,143.9,4.3,164.8,2298.211,2207.700476,149.8,1031,8327,11.91096214,1801.25,89.04880184,3615,4610,800,10072.5,424.8,100.2,59.62985625,100.3,5809.75,105122050071,1903.114,10,51211.8,23656,228592934315,1873.258,17518,100.6,38768.3697
2017-02-01 00:00:00,6862.039687,199.5,2176.7,689.1,8073.9,155.9,4.2,38016.8,14418.6,52926.7,1496.0108,15057.3,293.3,896.67944,72734,11726.3,24680,98938,760.2,3745.1,35497,2879,747.9,71.4,419.27,5.6,25534,3524,3.9,15789,143.6,3378,365.6,363.6,75.6,172.2,1449.634,422.3,414.1,3232,4359.3,164.8,5665.44,5913.39,1711,33.37389,134.6,3.9,165.3,2312.844,2151.9,134,1031,8319,10.23809192,1876.5,89.72928232,4200,4168,859,10716.25,446.7,100.1,58.53936111,101.6,5961.87,104578748744,1853.616,10,51217.2,23629,216871886893,1890.26,16361,100.2,40785.7663
2017-03-01 00:00:00,6862.039687,200.3,2361.4,722.5,8164.026,156.2,4.1,38462.3,14463,52336.8,1766.32902,14388.1,293.8,1071.38914,71615,11720.6,23774,98739,756.6,3771.9,37899,2440,747.9,71.9,418.73,5.4,25486,3391,4.9,15177,143.9,3086.5,505.7,468.7,75.1,184.3,1444.542,462.4,453.8,3613,4206.38,163.66,5081.46,5362.67,1710,32.86545,143.6,4.9,185,2297.854,2025.538636,127.9,1135,8065,11.98035222,1915,89.95918322,3432.5,4105,1297,10175,435.3,100,58.00663182,97.3,5834.55,112641786619,1848.43,10,51190.4,23346,252824863349,1805.908,15709,100.1,49477.422
2017-04-01 00:00:00,7305.857924,201.4,2336.9,712.5,8308.139,156.7,4.1,38555.2,14551.3,52658.4,1484.27202,14214.86,294.8,1040.68272,68769,11720.6,24623,96908,705.1,3872.5,39225,2351,1130.933333,71.9,427.75,5.3,25197,3283,4.2,13585,144.1,2990,496.6,466.2,74.8,178.6,1451.24,441.9,433.8,3635,4134.27,153.84,4923.21,5299.17,1928,32.8519,140.1,4.2,178.3,2299.888,1980.6635,136.75,1095,7643,7.860095183,1943.38,90.56192037,3585,4024,1109,9750,429.2,106.8,56.43561429,100.5,5706.13,96828697441,1840.843,9.75,50558.6,24395,212121181179,1744.91,16980,100.3,43625.8987
2017-05-01 00:00:00,7305.857924,202.4,2386.4,714,8318.296,157.2,3.9,38663.8,14682.3,52908.8,1595.5596,14225.12,296.5,1109.82672,68200,11720.6,24583,97855,694.2,4036.7,39679,2445,1130.933333,72.1,435.11,5.2,24540,3350,4.3,13459,144.1,2832.5,534.3,505.7,74.8,180,1445.452,459.1,450.1,3848,4192.5,166.7,5004.96,5338.74,1931,30.77947,143.8,4.3,181.4,2283.482,1974.2905,120.28,1115,7563,8.529100903,1918.5,90.8271081,3173,3269,878,9190,432.6,100,56.95006842,101.2,5644.96,102237442872,1836.769,9.25,48556.4,25202,230597287304,1706.457,17020,100.4,47329.9528
2017-06-01 00:00:00,7305.857924,203.2,2421.5,728.9,8480.426,157.7,3.8,39222.9,14869.1,52854.2,1744.04135,13546.18,298.6,1230.2538,66815,11720.4,24700,100131,643.1,4233.2,41454,2345,1130.933333,72.3,436.64,5.1,23706,2972,6.4,13466,143.9,2755,685.3,665.2,74.9,181.6,1600.023,444.1,432.4,3331,4192.3,145.22,4703.86,5095.2,1925,31.58857,140.3,6.4,190.4,2348.305,1863.974286,118.49,1046,7649,8.874751461,1892.63,90.65461644,2775,3091,901,8928.75,453.6,100.2,57.89317619,100.4,5697.04,111342000233,1835.256,9.25,48552.6,25703,237135174214,1737.39,17051,100.6,50013.9713
2017-07-01 00:00:00,7906.07205,203.8,2498.4,744.9,8469.1,157.8,3.9,39623.1,14905.4,53954.8,1466.70836,13330.14,300.8,1240.93268,66093,11680.4,24053,99415,647.4,4066.8,38073,2290,1311.5,72.5,439.13,5.1,23349,3143,5.4,13024,143.4,2884,669.4,676.1,75.1,181.2,1637.994,453.6,442.5,3207,4385.49,159.41,4737.47,5058.97,2053,30.95143,143.4,5.4,186.5,2368.101,1934.084286,116.1,1092,7751,3.782301187,1923.25,91.14254231,2485,2905,946,9575,508.9,106.8,59.69267619,101,5968.21,118484702034,1832.975,9,51471.4,25953,179493405806,1758.478,16302,100.1,45070.9516
2017-08-01 00:00:00,7906.07205,204.1,2574.1,756.9,8602.781,157.7,3.8,39275.9,14779.7,53820.3,1706.45888,14218.47,302.8,1318.31231,65639,11673.4,24001,98360,609.9,3839.9,37099,2388,1311.5,73.1,440.79,4.9,23399,3315,6.3,13464,142.9,2811,718.5,690.6,75,184.4,1742.138,461.1,450.2,3455,4449.35,174.62,4722.17,5356.95,2222,32.36435,144.6,6.3,192.1,2453.307,1964.612174,117.97,1109,8624,6.511136052,2056.38,91.69593278,2281,2732,1184,10755,426.3,100,59.61272609,100.8,6467.83,135121021577,1828.824,9,51286,25657,157435898826,1858.223,15377,99.5,51161.0745
2017-09-01 00:00:00,7906.07205,204.5,2558.4,748.5,8740.747,157.5,3.8,39419.3,14712.9,53738.3,1784.17302,14571.67,304.2,1192.77516,65871,11667.83,25136,98599,600.1,3729.1,38047,2300,1311.5,73,446.67,5,23591,3546,6.7,14830,142.5,2940.5,784.1,741.2,74.9,184.6,1739.496,454.4,442.9,3354,4425.68,187.93,4724.31,5739.68,2223,32.38273,141.2,6.7,194.8,2444.019,2046.984762,122.2,1233,9303,10.24159712,2123.25,92.84333275,2180,3019,1356,11315,445.55,100.1,57.74469091,100,6551.06,124092028518,1821.326,8.7,51094.2,26117,201169728574,1800.887,15833,99.9,50671.2262
2017-10-01 00:00:00,8540.415078,204.8,2582.6,757,8881.996,157.4,3.9,39571,14721.3,54378,1824.23601,14487.93,304.7,1245.70962,65108,11667.8,26907,98967,662.6,3714.2,38333,2331,2152.1,72.7,452.68,5,24194,3421,6.9,15341,142.4,3064,750.7,750.7,74.7,189.2,1772.829,481.6,470.3,3387,4210.36,195.51,4978.75,5654.3,2093,31.42667,145,6.9,196.5,2376.221,2079.445909,125.9,1375,9299,10.02679235,2150.13,93.39194481,2062,3445,1522,11588.75,435.8,94.2,57.69805238,100.2,6861.91,130677542614,1812.89,8.5,51230,25953,163000440905,1709.864,17608,100.2,52332.2755
2017-11-01 00:00:00,8540.415078,205.1,2559.7,763.4,8996.625,157.5,3.9,39667.5,14747.8,54748.3,1949.44693,14530.75,304.3,1283.95996,65443,11667.8,28172,98073,653.1,3720,38848,2322,2152.1,72.5,457.02,5.1,24773,3608,7.1,15860,142.5,3110,746.9,746.9,74.6,189.7,1889.256,464.2,453.4,3505,4013.81,197.763,5068.81,5717.42,2125,32.21857,140.7,7.1,199.6,2431.37,2138.820952,132.15,1528,9745,11.29349916,2108.88,93.57689642,2201,3560,1578,11900,423.4,100.5,58.92655238,99.7,6824.71,178491082981,1806.6,8.25,51202.3,26531,226715357743,1766.42,18427,100.2,54632.0929
2017-12-01 00:00:00,8540.415078,205.2,3074.3,809.8,9137.261186,157.7,3.9,40114.4,14789.4,55434.7,2142.2016,14952.41,303.5,1392.8832,64559,11667.8,29677,92170,652.5,3749.6,51197,2477,2152.1,72.6,460.41,5.1,24984,3930,18.8,17416,142.8,3289,977.8,971,74.6,196.5,1922.738,477.1,466.2,3123,3904.76,222.5,5075.89,5700.31,1971,30.47045,146,18.8,207.2,2385.137,2118.189048,130.5,1723,9566,12.79271111,2064.25,94.00838619,2305,3797,1366,11375,422.5,100.5,58.57385455,100.2,6836.01,86871833905,1833.713364,7.75,51172.4,26495,156987452143,1712.353,20111,100.4,60180.5292
2018-01-01 00:00:00,7491.333333,205.3,2330.4,779.8,8689.639,158.2,3.9,42442.2,14849.1,55809.6,1892.4698,14650.46,302.9,941.50654,65331,10357.2,29648,99269,679.3,3787.8,39017,2505,817.0666667,71.9,467.14,5.2,24844,3900,5,18173,143.4,3341,420.3937179,420.4,74.9,180,1996.839,470.5,462.8,2487,3752.94,246.66,5158.02,5856.03,1552,31.18625,143.6,5,171.6,2429.459,2264.502,143.36,1103,9858,16.83177417,2227,95.09803877,2265,3897,1152,12697.5,429.6,94.3,56.4981,99.8,7111.59,119847827286,1442.515,7.75,49827.3,23750,281816892990,1812.114,19790,100.3,49604.6231
2018-02-01 00:00:00,7491.333333,205.4,2271.8,764.9,8660.537,158.8,3.8,41597.5,14883.4,54430,1742.74935,14601.67,302.9,1064.9671,65701,11023.5,28729,99806,725,3826.3,40443,2453,817.0666667,72,474.92,5,24367,4152,5.2,18685,144.2,3728,415.1295439,415.1,75.4,175.3,1868.083,431.4,423.1,2676,3729.71,267.22,5697.61,6030.32,1534,30.58316,134.9,5.2,171.5,2438.482,2273.786842,143.16,1089,9769,11.93137759,2175.75,95.00217992,2256,3802,1192,13652.5,455.7,101.5,56.80670526,100.2,7042.97,144361113757,1459.372473,7.5,50519.5,23042,247439753457,1811.292,18960,100.2,50383.9533
2018-03-01 00:00:00,7491.333333,205.6,2486.4,803.8,8778.0903,159.6,3.8,42045.5,14948,54486.6,2097.89188,14130.82,303,1240.19434,64624,11089.3,28589,96493,714.5,3895.1,42364,2397,817.0666667,72.3,482.31,5,23737,4191,5.5,17459,145.2,3767.5,533.7770435,533.8,76.1,187.3,1816.79,482.7,474.1,2795,3698.96,266.74,5669.31,5941.62,1534,30.18762,145.4,5.5,187.7,2431.882,2287.331429,142.33,1189,9672,15.03055307,2087.38,95.1391878,2244,4208,1055,13442.5,484.6,100.1,57.06360476,100.3,6861.91,116791766274,1462.551,7.5,50571.8,23959,228498639081,1753.36,18917,100.3,57725.2503
2018-04-01 00:00:00,8323.333333,205.9,2468.6,807,8675.751,160.3,3.7,42377,15013.9,54162.8,2232.806,13758.16,302.9,1301.442,63507,10936.5,29822,98226,739.9,3947.8,43381,2318,1252.433333,72.3,486.3,4.9,23043,4167,4.5,17421,146.3,3965,585.4267215,585.4,76.7,181.9,1897.14,463.8,455.7,2860,3772.83,226.11,5743.7,5798.35,1552,32.43952,141.9,4.5,184,2606.706,2236.146364,145.93,1142,10784,15.32607666,2244.38,94.72886606,2221,4315,1341,13972.5,469.9,105.4,60.76989048,101.2,6778.13,158324749826,1456.898,7.25,51393.2,26967,328818032979,1807.848,19038,100.4,56362.4509
2018-05-01 00:00:00,8323.333333,206.1,2522.6,804.4,8733.564,160.8,3.6,43122,15071.3,56035.1,2287.16378,14664.66,302.5,1336.54686,65161,10934.6,33021,97500,764,3969.9,44076,2487,1252.433333,72.5,483.04,4.7,22123,4336,3.5,19445,147.3,4155,609.3292692,609.3,77,183.7,1959.274,473.1,464.1,3001,3962.67,228.53,6157.01,5933.48,1669,32.99421,144.9,3.5,188.5,2607.208,2313.15,145,1159,13198,15.27564152,2285,95.28463719,2213,3672,1090,14497.5,518.45,100.2,62.2309,100.7,6789.71,101944986612,1448.768,7.25,51359.7,31993,242047080895,1809.282,19823,100.4,57486.2746
2018-06-01 00:00:00,8323.333333,206.3,2573.3,828.3,8821.659,161.2,3.5,43257.4,15165.8,55425.7,2279.94528,13896.64,301.5,1321.78836,67637,10759.3,33414,100409,839,4060.3,45848,2335,1252.433333,72.5,483.93,4.7,21631,4339,5.3,23088,148.3,4200.5,748.7602619,748.8,76.9,184,1985.488,453,441.8,2818,3927.58,211.54,6193.09,5846.29,1671,33.30857,143.2,5.3,192.1,2587.876,2267.380952,141.01,1074,14349,15.26493141,2229.25,94.98179126,2205,3302,1385,15250,497.8,100.1,62.76850476,100.5,6867.97,111065973909,1453.277,7.25,51114.7,32837,217355635353,1785.587,19065,100.5,57322.6528
2018-07-01 00:00:00,9065.666667,206.6,2643.9,841,8898.644,161.5,3.6,44126.7,15274,55842.2,2157.56026,13726.42,300.1,1333.69832,72352,10653.6,32766,100582,854.4,4040.9,42413,2275,1521.366667,72.7,478.43,4.7,21428,4312,5,22572,149.1,4339,765.5082236,765.5,76.7,185.1,1882.002,472.3,462,2803,4839.26,221.52,6258.73,5741.06,1684,31.77667,147.6,5,190.3,2503.966,2311.018182,143.79,1125,13634,13.10589269,2073,94.77801556,2156,3163,1747,13827.5,504.8,103.7,62.86194762,100.6,6174.07,112252663043,1455.659,7.25,50960.2,30284,198794458267,1679.362,19132,100.3,55042.4362
2018-08-01 00:00:00,9065.666667,206.7,2744,844.2,9043.77,161.6,3.5,43910.3,15249.2,55991.1,2554.63392,13972.32,298.9,1475.36168,73951,10492.7,33192,98946,927,3943.3,41364,2294,1521.366667,73.4,480.31,4.6,21431,4571,5.2,21851,149.5,4460,768.9355473,768.9,76.3,187.5,1945.238,472.1,462.4,3389,4844.38,198.54,6521.66,5886.67,1746,31.89478,149.2,5.2,194.1,2553.448,2295.886522,149.95,1131,14218,16.33370005,2065.75,93.95991001,2003,3108,1579,13505,544,100.2,66.0764087,101.2,5970.69,130184595890,1453.181,7.25,47331.5,30296,230092834423,1712.095,18974,100,58914.4286
2018-09-01 00:00:00,9065.666667,206.7,2719.1,827.7,9047.151,161.7,3.4,44369.1,15222.1,57989.4,2536.89002,15396.91,298.4,1299.27231,74511,10301.1,35232,101240,1084.5,3840.2,41774,2609,1521.366667,73.1,464.32,4.5,21879,4606,6.3,22277,149.7,4690.5,843.8965597,843.9,76.1,187.3,2190.382,462.3,452.7,3219,5160.28,185.23,6931.95,6008.48,1741,31.06714,148.3,6.3,193.4,2609.681,2381.77,162.61,1242,15664,18.29007135,2057.88,94.38249962,1989,3767,1540,12561.25,517.9,100.1,67.66609524,100.9,5883.06,104863570802,1452.978,7.3,47133.9,33287,277654702419,1748.95,19568,100.2,58436.7323
2018-10-01 00:00:00,9740.333333,206.6,2744.9,833.6,9043.279,161.8,3.6,44254.7,15271.1,58672.7,2719.52373,15130.37,298.8,1414.055,77214,10528.2,37129,100654,1173.9,3833.2,42332,2524,2336.466667,72.5,470.48,4.7,22525,4699,5.9,24963,149.8,5045,822.7739083,822.8,75.9,195.5,2291.829,488.2,478.4,3139,5004.49,196.05,7450.21,6232.3,2010,30.92545,153.5,5.9,202.6,2571.488,2387.103478,155.47,1379,16533,19.82352291,2029.75,94.77298887,1972,4249,1490,12475,514,94.8,65.85452727,100.2,6107.38,114157504603,1446.605,7.5,47084.2,35080,352881882107,1753.376,20596,100.4,62611.8955
2018-11-01 00:00:00,9740.333333,206.5,2762.8,844.8,9094.735,161.9,3.7,44218.4,15351.5,59653.5,2683.65651,14776.56,300,1418.01966,81022,10673.4,37961,100042,1055.6,3883.5,42595,2460,2336.466667,72.6,470.73,4.8,23494,4534,6.8,25536,149.9,4907.5,818.5665975,818.6,75.9,195,2415.834,474.4,464.4,3209,4972.45,197.99,7055.73,5997.32,2006,30.6281,149.6,6.8,201.7,2603.949,2378.272381,161.29,1529,15292,19.07352666,1944.63,94.0953623,1921,4304,1231,11338.75,506,100.7,66.35568095,100.6,6087.81,129008100723,1442.934,7.5,47195,34706,295139271143,1807.2,22669,100.5,61471.1488
2018-12-01 00:00:00,9740.333333,206.6,3311.6,891.2,9137.513,162.2,3.7,44891.6,15467.9,60987,2867.23531,15337.32,301.8,1558.14263,83385,10651,38257,101285,1150.2,3989.2,55569,2587,2336.466667,72.6,472.93,4.8,24444,4648,17.5,22284,150,4993.5,1138.083072,1138.1,75.9,204.8,2691.971,491.8,481.7,3070,4567.75,184.93,7137.17,6281.75,2005,31.65136,154.2,17.5,215.8,2705.386,2372.620476,153.5,1718,12918,19.44139871,1934.25,94.08017305,1940,4972,1271,10912.5,523.2,101,67.33531364,100.9,6026.63,94386527011,1433.25,7.5,47148.1,29404,262649738429,1717.696,25339,100.8,62753.2229
2019-01-01 00:00:00,8203,206.8,2507.5,828.1,9176.396,162.5,3.7,47109.3,15743.6,62302.4,2038.7884,15343.99,303.7,1081.9909,82350,11567.4,34315,102946,1131.9,4065.7,42263,2531,899.0333333,71.2,476.87,4.9,24733,4700,4.2,20727,150.2,4982,401.2,401.2,76,182.9,2875.52,481.7,473.4,2420,4036.05,203.32,6982.28,6308.39,2029,33.22188,150.2,4.2,170.8,2760.22,2455.88,162.82,1094,12755,14.38521888,1865.38,94.83965682,1882,4965,668,11607.5,517.7,97.6,66.51254375,100.9,5868.73,96410020594,1426.922,7.75,49156.5,23595,216613718418,1725.344,21560,101,47974.0699
2019-02-01 00:00:00,8203,207.3,2454.6,827.2,9212.028,162.8,3.7,45721.2,15797.1,62448.7,2284.37088,15213.04,305.6,1195.64832,78339,11597.5,31327,96429,1143.6,4103.9,43062,2524,899.0333333,71.5,489.37,4.9,25033,4634,5,21426,150.5,5265.5,436.8,436.8,76,179.8,3027.537,439.4,431.5,2711,3903.5,208,7241.63,6422.65,2030,33.476,141.4,5,174.9,2792.077,2498.371,158.99,1101,14372,16.54328939,1891.88,95.28015531,1943,4459,658,12822.5,514.2,100.4,65.810525,100.1,6234.14,105843776257,1419.439,7.75,47683.7,22548,210171049785,1723.435,16955,100.4,52762.4542
2019-03-01 00:00:00,8203,208.2,2690.4,860.5,9229.171,163.3,3.5,46212.6,15886.7,62655.5,2397.53447,15303.65,307.4,1353.24538,74900,11493.9,30396,102234,1085,4179.8,46324,2541,899.0333333,71.5,489.18,4.7,25028,4718,5.6,22804,150.9,5516.5,581.6,581.6,75.9,190.6,3216.561,494.9,484.6,2556,3887.88,207.7,7100.46,6564.49,2044,32.21095,151.9,5.6,189.2,2728.35,2484.8475,149.61,1193,15626,16.04321521,1896.25,95.92397913,1976.5,4350,689,13070,458.1,100,65.09225714,100.6,6424.29,159453394750,1416.834,7.75,47557.7,21872,222837666828,1768.895,14770,100.3,57385.6292
2019-04-01 00:00:00,8876.333333,209.4,2656.9,865.9,9497.341,164,3.6,46141.2,15956.1,62930.1,2373.67017,15184.86,308.9,1424.4738,72039,11539.2,30727,102505,1077,4242.9,48030,2400,1351.866667,71.4,494.29,4.7,24747,4542,4.8,22901,151.3,5893,632.3,632.3,75.8,187.8,2887.739,476.7,466.4,2920,3828.25,233.24,7139.9,6480.01,2059,31.23238,148.1,4.8,190.2,2672.483,2558.224091,163.95,1191,16048,14.69273611,1868,96.52096553,1971.5,4407,1011,13005,458.5,105,64.60310476,100.3,6447.44,101356487850,1416.211,7.75,51067.2,22005,262725340858,1842.531,14679,100.3,57623.9939
2019-05-01 00:00:00,8876.333333,210.8,2703.2,859.5,9903.055,164.8,3.4,46435.9,16059.2,63037,2113.1488,14582.94,310.2,1291.83136,72366,11587.5,31319,103039,1201.2,4356.6,47926,2366,1351.866667,71.6,500.62,4.5,24546,4522,4.6,24164,151.7,5511,662.7,662.7,75.8,185,2777.174,478.7,469,2901,3814.44,228.69,7302.18,6433,2050,30.45278,149.1,4.6,186.5,2674.746,2591.336667,215.1,1169,16310,12.67099417,1806.25,96.60038698,2105,3809,1096,12075,457.9,100,64.81870556,100.7,6027.46,113127199695,1410.033,7.75,51145.8,25978,487231012523,1734.148,15009,100.3,51855.2075
2019-06-01 00:00:00,8876.333333,212.1,2741,874.2,10029.368,165.6,3.3,46735.3,16064.4,63302.1,2042.34116,15050.62,311.6,1259.95992,72926,11732.3,31511,107256,1323.2,4367,49348,2473,1351.866667,72,509.49,4.4,24258,4574,5.9,23631,151.9,5256,816.6,816.6,75.9,187.7,2964.586,456.2,444.5,2949,3821.72,238.8,7668.1,6298.18,1909,30.8985,146.6,5.9,196.5,2797.38,2748.511053,232.83,1086,14536,12.19250153,1784.5,96.28972797,1941.5,3289,1354,11930,524.5,99.9,64.16905,100.2,5853.29,141265875110,1409.464,7.6,51261.4,28235,419815772522,1665.673,16975,100,52078.0465
2019-07-01 00:00:00,9448.666667,213,2807,892.3,10135.103,166.2,3.4,47349.4,16121.9,63253.9,2115.05398,15402.03,313,1414.13456,74516,11915.4,31242,107987,1345,4311.7,46509,2481,1652.1,72.2,522,4.5,24142,4556,6.2,19973,152,5355,841.5,841.5,76,190.1,3141.816,469.1,456.9,2570,3762.96,234.75,7895.89,6532.13,1870,31.93636,151.1,6.2,197.6,2873.893,2759.329565,236.9,1155,14758,11.08651832,1818.25,96.3750347,1905,3460,1868,13885,504.6,103.1,63.22268182,100.2,5948.09,136236198944,1405.769,7.5,53954.6,27869,477092466963,1711.509,16484,100.2,55308.3305
2019-08-01 00:00:00,9448.666667,213.4,2897.5,900.3,10428.073,166.5,3.3,47351,16058,63440.7,2280.27455,14967.54,314.1,1457.85974,75556,11851.2,30221,108511,1315.4,4170,44961,2371,1652.1,72.5,528.72,4.3,24360,4624,5.8,20003,151.8,5205,838.3,838.3,76.1,192.2,3075.852,471.2,459,2753,7867.7,229.35075,7665.93,6439.83,1894,36.08174,152.6,6,200.5,3152.203,2673.455455,232.15,1156,13736,12.52037207,1777,95.88475048,1876.5,3899,2378,15780,473.7,100.2,65.68613182,101,5697.87,183744159584,1399.864,7.25,53828,25372,414155186844,1812.959,16485,99.8,55791.5158
2019-09-01 00:00:00,9448.666667,213.2,2856.2,886.4,10514.002,166.5,3.4,47584.1,16010.5,64172,2285.9437,15959.5,315,1348.43944,78086,11934.6,31033,106316,1292,4062.7,45541,2550,1652.1,72.2,536.75,4.5,24706,4850,6.5,19650,151.5,5368.5,942.2,942.2,75.9,193.3,3332.136,465.2,452.7,2605,8170.49,230.3828284,7627.08,6753.07,1874,38.05,151.1,6,203.2,3156.881,2789.105238,225.9,1297,11721,14.43231142,1784,96.94002746,1811.5,4019,1823,17575,482.6,99.9,64.958705,100.3,5758.22,154766818034,1399.553,7,53888.42128,26683,471663408679,1975.124,19312,99.8,55909.8971
2019-10-01 00:00:00,10008.33333,212.7,2904.6,892.5,10597.713,166.2,3.5,48266.8,16003.4,64193.6,2363.8287,15899.39,315.6,1522.46919,76044,12053.6,31627,106949,1317,4022.6,46549,2498,2540,72.1,542.12,4.6,25287,5014,6.5,20484,151.1,5389,930.1,930.1,75.6,201.1,3557.036,490.1,477.7,2555,7927.69,228.0098852,7855.61,6626.97,1732,36.4187,153.9,6.7,214,3092.046,2773.500435,260,1425,10899,13.06966406,1728.25,96.614061,1841,4153,1731,16812.5,510.3,95.8,64.3749913,100.3,5772.82,176479070687,1390.14,7,53625.5,26846,549623224910,1854.48,20728,100.1,60238.5178
2019-11-01 00:00:00,10008.33333,212.2,2932.5,897.1,10678.065,165.7,3.5,48082.4,16028.7,64353.4,2291.88528,15708.98,315.8,1487.74536,75630,12331.2,32743,107854,1360.2,4031.5,46285,2427,2540,72.7,561.1,4.6,25797,4948,7.8,19301,150.6,5937,851.1,851.1,75.1,196.9,3631.925,469,457.4,2638,7949.61,236.469052,8505.86,6671.01,1729,35.36524,150.7,7.9,204.5,3022.08,2945.8575,257.54,1551,8070,12.59082814,1761.25,97.40765055,1942,4426,1528,15042.5,511.5,100,63.86711905,100.3,5858.25,166792215627,1393.915,6.5,53935.7,26175,645166016331,1850.6,24673,100.3,58057.404
2019-12-01 00:00:00,10008.33333,211.7,3472.9,951.7,10739.872,165,3.5,49195.3,16067.4,64912.4,2453.05993,15626.65,316,1507.19895,74434,12583.2,33440,109003,1269.8,4067.7,62239,2424,2540,72.4,564.97,4.6,26210,4904,17.4,20377,149.9,6150,1197.8,1197.8,74.6,208.3,3844.532,486,474.3,2908,7946.22,257.6803259,8510.49,6530.37,1717,34.54095,156.1,18.5,222.9,2992.246,2982.649048,256.4,1746,7187,15.02976058,1773.25,97.9519442,1925,4740,1090,13997.5,541.7,99.9,62.9325381,100.3,6175.17,173563048519,1386.134,6.5,54164.4,24345,504276895800,1864.783,26253,100.4,61572.653
2020-01-01 00:00:00,8284,211.3,2642.5,886.4,10171.932,164.1,3.5,51660.3,16284.9,65675.3,1927.88928,15718.73,316.1,1075.52544,74041,13252.8,33380,106618,1265,4096.1,46674,2410,990.9333333,71.4,572.05,4.6,26383,4790,5,20960,148.8,6203.5,438.6,438.6,74,184.6,4559.038,463,454.5,2114,7773.06,270.87,8789.86,7031.38,2172,35.62176,150.8,5,175.7,3096.011,3133.9345,226.7,1144,11690,13.78958474,1804.88,98.05611943,1936.5,4426,487,13873.75,565.5,98.9,61.81214706,100.2,6176.27,241295726933,840.53,6.25,54848.3,25109,566931246630,1970.821,21690,100.4,47207.2316
2020-02-01 00:00:00,8284,211,2632.9,881.4,10092.035,163.1,3.4,50622.9,16316.5,64851.1,1922.88096,16336.63,316.4,1233.82182,72530,13188.1,30767,107529,1150,4109,47257,2421,990.9333333,71.1,578.5,4.6,26436,4828,4.9,20350,147.2,6519.5,490.6,490.6,73.5,185.2,5171.868,437.3,428.2,2251,7840.55,260.06,8463.6,7332.5,2006,36.8575,144.8,4.9,184.3,3279.111,3063.527368,202.65,1148,11411,16.48667009,1715.63,96.56950822,1980.5,3860,535,12958.75,550.7,100.1,41.794925,100.6,5692.63,254164745105,836.089,6,54731.8,25939,667590710256,1984.388,19356,100.3,46793.7035
2020-03-01 00:00:00,8284,210.9,2953.2,851.4,10388.64138,161.9,3.5,51314.2,16428,66181.7,2331.9,15379.16,317.1,1591.52175,71050,13076.6,29546,109735,984.8,4176.9,50948,2322,990.9333333,71.4,574.44,4.7,26360,4940,5.5,18214,145.2,5816,622.6,622.6,73.1,193.8,4938.739,461.1,451.3,2207,8249.59,203.4,7555.1,7081.13,2005,35.35,151.8,5.5,197.9,3755.852,2462.514286,181.41,1243,11572,10.04318846,1662.88,88.94086754,1895,4074,626,12052.5,522.05,100.8,73.71944211,102.7,5274.03,489526376159,832.7738021,6,54616.7,26179,1201563271748,1797.867,17974,100.6,50199.1196
2020-04-01 00:00:00,7894,210.9,2144.4,564.4,10339.51765,160.8,4.3,52327,16574.1,70068.4,1839.67085,16418.81,318.4,1292.59629,75091,12874.1,27225,111222,893.2,4321.4,49306,2465,1369.533333,70.2,567.6,5.8,26137,5990,3.2,10229,143.2,4595,629.6,629.6,72.9,182.6,5065.138,447.7,438.7,2153,12855.75,198.43,6318.86,7160.85,2090,36.46778,147.1,3.2,180.3,4066.324,2588.827273,190,1195,8882,7.317398411,1504.25,80.75944744,1508.5,4757,635,11898.75,545.7,104.2,74.76353333,100.4,5079.47,328447539262,781.6191697,6,54068.4,20315,877484522603,1826.647,18343,100.8,41988.2444
2020-05-01 00:00:00,7894,211.3,2307,553,10626.35,160.1,4.5,52951.7,16636.3,69641.3,1486.10375,17155.9,320.1,1217.81975,73130,12925.3,27804,109968,1024,4394.9,50747,2700,1369.533333,70,593.34,6.1,25836,5754,3.8,4095,141.6,4787,675,675,72.9,176,4455.111,434.8,425.6,2209,12405.77,211.824025,6631.73,7708.02,2108,38.26944,135.3,3.8,180.5,4011.609,2683.665789,199.95,1199,7061,3.700453937,1487.5,87.30963607,1733,4439,504,12242.5,512.9,99.8,72.50029444,99.7,5268.79,258419241747,755.39,5.5,50591.2,22958,661433477019,1867.806,20743,100.3,38364.9616
2020-06-01 00:00:00,7894,211.8,2671.6,635.6,10776.057,159.9,4.6,53068,16744.4,69224,1714.40455,17925.04,321.8,1332.9672,73373,13257.8,30261,110830,1050.2,4507.6,52123,2787,1369.533333,70.1,612.21,6.2,25333,6184,5.7,12295,140.6,5347.5,837.9,837.9,72.9,179.9,4281.703,413,402.9,2416,12161.48,219.2802307,7078.37,7953.07,2121,39.4175,132.3,5.7,193.6,3853.566,2766.8685,194.31,1172,6209,5.512362111,1594.13,90.44298073,1825,3890,1799,12756.25,500.65,99.9,69.196715,98.6,5732.86,377070537989,755.076,5.5,50964.6,28816,579125125448,1829.828,24052,100.2,43476.3837
2020-07-01 00:00:00,9256.333333,212.6,2906.1,734.5,11171.05987,160.1,4.7,54392.6,16856.3,69928.8,1809.0576,17166.43,323,1447.68624,74560,13336.3,30703,121089,1028.4,4494.2,50145,2651,1653.066667,70.2,608.68,6.3,24822,5578,5.7,17033,140.4,5338,869.4,869.4,72.9,183.4,4649.287,432.4,421.2,2194,12139.6,218.94,6993.25,7556.48,2253,46.17652,135.2,5.7,198.2,4199.922,2823.388182,182.59,1195,8666,5.068743307,1682.25,91.70231185,1843,3944,1350,13375,528.55,99.7,71.29407391,100.9,6388.47,336946081709,753.106,4.5,51027.1,30377,418735693951,1967.056,22037,100.4,43661.2869
2020-08-01 00:00:00,9256.333333,213.5,3001.3,808.5,11402.559,160.6,4.8,54687.4,16795.1,71713.9,1738.29096,16986.82,323.1,1488.91872,74537,13806,28989,114545,1088.4,4364.9,47649,2689,1653.066667,70.5,611.63,6.4,24806,5790,6.7,17315,140.8,5072,884.1,884.1,73.2,187.5,5135.486,450,438.4,2177,12958.68,217.998558,6880.58,8726.07,2248,63.48524,140.5,6.7,201.7,4676.865,3009.748095,181.01,1213,10680,3.379114202,1772.75,91.80308361,1730,3963,1488,14503.75,510.2,100,73.79810952,100.9,6412.72,324678950868,753.641,4.25,51625.7,29086,393960735783,2230.407,18309,100,43172.0634
2020-09-01 00:00:00,9256.333333,214.2,2953.2,835.2,11584.99666,161.3,4.8,55294.2,16767.8,72509.3,2470.8768,17295.13,322.1,1633.20096,73550,13957.9,27567,114553,1109,4267.3,49259,2792,1653.066667,70.5,610.1,6.3,25269,5920,7.9,17329,141.4,5009.5,1030.7,1030.7,73.7,189.1,5563.887,449.6,438,1835,13256.66,219.2193499,6910.41,9028.93,2245,63.36,140.7,7.9,203.9,4689.841,2923.413182,169.97,1348,12052,11.06164154,1784,91.15491513,1733.5,4006,1725,14940,549.6,100.1,75.72798636,100.6,6693.81,374554850058,754.5633571,4.25,51809.1,27816,493217140079,2221.07,15515,99.9,50901.6868
2020-10-01 00:00:00,10362.66667,214.6,3038.7,826.5,12402.28671,161.9,4.7,56023.9,16836.7,74706.3,2270.18661,17317.83,320.4,1735.89906,73972,13773.7,28451,111814,1068,4289.4,49539,2864,2754.1,70.3,607.69,6.3,25806,6280,7.3,16305,141.9,4489,980.6,980.6,74.5,194.6,5868.599,472.4,461.5,1828,13733.05,191.6634776,6565.52,8836.44,1779,60.59913,143.7,7.3,208.3,4748.219,2810.621364,154.28,1427,11432,6.8795151,1831.75,90.91170115,1640.5,4441,1283,15405,604.85,94.6,77.66354783,100.5,6771.25,282462049817,745.2300224,4.25,50364.9,26969,419975172195,2186.733,17019,100.4,49969.747
2020-11-01 00:00:00,10362.66667,214.9,3021.1,819.9,13924.644,162.5,4.6,55871.6,16952.2,74942.9,2287.179,16592.86,318.8,1726.27016,74152,15404.7,29219,110032,952.2,4363.8,49274,2802,2754.1,70.7,612.54,6.1,26322,6384,9.4,17042,142.5,4020,922.4,922.4,75.5,195.8,5815.466,460.6,450.2,1870,13298.63,235.0369226,5896.43,8720.28,1765,59.69053,142.4,9.4,209.5,4629.63,3015.494,181.89,1588,11361,7.299749094,1947.25,91.69149927,1508.5,4887,1227,15857.5,600.15,107.4,76.83946842,100,7022.85,394772649910,760.02,4.25,51982.4,26781,671255308540,2258.375,17858,100.7,52144.7786
2020-12-01 00:00:00,10362.66667,215.7,3601.7,897.3,14685.855,163.3,4.4,56122.6,17052.7,74401.8,2651.03604,17778.36,317.6,1851.4328,77272,15886.9,30047,113020,1203.2,4456,69278,3026,2754.1,70.8,620.95,5.9,27122,6112,17.1,18162,143.2,5072,1304.8,1304.8,76.5,213.8,5589.793,479.1,468.6,1898,13457.0153,245.8016137,7119.32,9445.64,1771,58.78217,149,17.1,238.7,4414.504,3232.552273,212.98,1752,12455,10.7738985,2034.75,92.19590139,1698,5543,1366,16967.5,604.45,99.9,74.21670435,99.7,7797.78,459880354784,733.589,4.25,54880.1,25378,676342632262,2437.618,17592,100.8,59944.0844
2021-01-01 00:00:00,9030.333333,217.1,2842.1,832.8,14751.438,164.6,4.3,58652.1,17347.7,75001.4,2034.5025,18227.06,317.2,1347.795,78839,17596.6,30571,115102,1257.8,4507.4,49516,3150,1058.533333,70.7,621,5.8,27296,5926,5.7001,20859,144.3,5232,465.8,465.8,77.5,183.2,5650.124,453,444.8,1628,13545.66,229.3820659,7376.81,10468.73,1684,60.89938,141.9,5.7001,176.6,4431.822,3412.641579,212.83,1112,14989,9.230873149,2006.63,92.62157804,1662,5745,1452,17956.25,653.8,103.1,74.392475,100.4,7981.31,424499559971,695.245,4.25,56702.9,28119,651084679470,2598.158,15582,100.7,43813.4357
2021-02-01 00:00:00,9030.333333,219,2797,861.2,14794.696,166.3,4.2,57598.4,17443.1,77954.8,2254.56428,19857.08,317.6,1567.78084,80991,17216.6,30903,112630,1279.6,4583.2,51229,3628,1058.533333,70.8,615.27,5.7,27392,6092,5.4464,23069,145.6,5417.5,502.2,502.2,78.2,182.6,5602.577,434.9,426,1872,13649.3,268.98,7421.21,10202.02,1689,65.43316,135,5.4464,183.7,4333.514,3408.367,217.56,1128,16404,9.241292603,2080,93.23997937,1632,5749,1675,18663.75,649.9,100,74.31681579,100.2,8390.27,468832589566,703.201,4.25,56260.1,28876,565243200129,2879.187,14499,100.8,50806.2702
2021-03-01 00:00:00,9030.333333,220.9,3084.6,923.3,14880.142,168,4.1,58178.2,17599,77186.2,2745.0334,20994.31,318.4,1956.4665,87277,17573.9,31898,115906,1291,4712,55208,4050,1058.533333,71,604.09,5.4,27393,6006,6.6449,26092,146.9,5623,689.9,689.9,78.5,197.9,5899.283,480.2,470,1805,13552.05,283.53,7670.6,10226.12,1685,61.65238,146.7,6.6449,207.3,4125.01,3483.779091,227.24,1237,18027,10.59942587,2217.25,93.30037289,1629.5,6099,2046,16172.5,641.5,100,74.39713333,100.4,8993.79,607815062632,702.699,4.25,56629.3,31367,701443890618,2830.055,13871,100.7,61452.9512
2021-04-01 00:00:00,10305,222.4,3118,936.4,15434.447,169.4,3.9,58261.6,17714.1,79006.7,2729.746,21264.62,319.1,1955.59896,92424,17426,32145,111263,1491,4800.2,56614,4060,1574.8,71.2,600.28,5.2,27237,6206,6.0124,27217,148.1,6152.5,721.9,721.9,78.5,193.1,6710.269,475.8,465.7,1730,13802.12,285.64,8398.63,10746.07,1971,62.25727,145.2,6.0124,201.9,4288.84,3553.729545,231.38,1207,19427,10.1668908,2331.63,93.66492617,1633.5,6753,3053,16348.75,648.3,103.5,76.14393182,101,9216.18,608355813088,702.124,4.5,56104.6,31358,538849581826,2950.344,12718,100.6,62217.8824
2021-05-01 00:00:00,10305,223.2,3169.4,919,15832.77757,170.3,3.7,59206.3,17905.2,80233.1,2567.92305,22657.25,319.4,1798.24524,92731,17710.6,32338,121067,1364.2,4953.1,56171,4360,1574.8,71.6,604.48,4.9,26945,6122,4.9685,27450,149.1,5815,772.8,772.8,78.5,190.2,6869.107,484.5,474.3,1552,13825.43,296.7,7870.3,11501.4,1965,65.10158,147.2,4.9685,197.7,4387.033,3667.3915,261.03,1213,18480,10.40045083,2443.5,94.49881184,1559,6162,2596,17732.5,708.6,99.9,74.00427368,100.5,10189.8,466204324591,714.1620915,5,56517.7,31606,521149311691,2891.073,13858,100.7,59167.2604
2021-06-01 00:00:00,10305,223.5,3206.5,937.8,15980.095,170.9,3.6,59194.1,18077.3,81115.2,3134.27233,23677.59,319.6,1832.69788,89558,17502,33792,121228,1452.4,5183.9,58782,4700,1574.8,71.7,605.37,4.8,26748,6044,7.7083,28774,149.7,6023.5,979.5,979.5,78.7,192.8,6367.907,467.8,456.6,1585,13938.08,314.62,8255.96,11986.31,1967,63.11952,145.2,7.7083,206.7,4300.079,3820.791364,281.8,1183,18935,17.92386095,2447.25,95.13204336,1526,4750,3383,18070,664.1,100,72.61685714,100.5,9607.78,524343522838,721.898,5.25,58149.5,32750,695487785917,2637.658,14857,100.7,68004.0089
2021-07-01 00:00:00,11408.33333,223.5,3310.1,933.5,16186.672,171.1,3.4,59583.9,18134.5,81604.4,3175.59252,24338.78,320.2,1922.41176,89714,18077.1,34282,123762,1608,5037.9,55170,4804,1885,72,604.08,4.5,26633,5970,7.4009,30430,150,6770,967.9,967.9,79,192.6,6482.745,473.6,462.4,1511,13574.58,293.23,8898.69,11168.74,2048,61.18043,146.5,7.4009,205.4,4285.23,3804.949091,287.35,1199,22924,16.96011102,2507.5,94.72641491,1479.5,4500,3292,18655,679.6,99.7,73.8898913,101.4,9516.84,425107208884,724.643,5.5,58542.2,34037,658787940907,2583.53,11358,100.3,68816.2547
2021-08-01 00:00:00,11408.33333,223.6,3437.2,970.8,16339.568,171.3,3.4,59379.7,18106.3,83096.9,3172.70625,24484.74,321.9,1915.83637,90926,18234.4,33956,125613,1639.8,4870.2,52355,4645,1885,72.3,614.55,4.4,26720,6052,8.4045,31211,150.3,6308.5,1010.2,1010.2,79.3,194.2,5996.694,477.8,466.4,1538,13757.05,324.6,8472.27,11742.04,2065,56.75714,147.2,8.4045,208.1,4218.793,3866.512727,305.65,1224,19418,17.08104365,2598.25,93.8640585,1400,4493,4132,19122.5,720.65,100,73.58273333,100.7,9549.91,379375529268,716.499,6.5,58691.8,35248,581938508921,2384.78,14538,100.2,68171.4222
2021-09-01 00:00:00,11408.33333,224.1,3413.8,985.4,16483.37251,171.6,3.3,59816.9,18238.9,84295.8,3295.95524,27123.78,324.3,1857.85384,93498,18124.4,33344,125521,1731.4,4890.7,54687,4882,1885,72.3,614.33,4.3,27067,6558,10.2695,29306,150.5,6302,1129.9,1129.9,79.6,198.7,5057.08,473.7,462.5,1327,14016.994,326.43,8625.83,11527.53,2061,54.91818,149,10.2695,214.4,4184.633,4028.552727,360.8,1323,20803,19.71995033,2877.75,94.10979853,1447,4666,5167,19506.25,711.7,100,72.92621818,100.5,9445.19,607385346148,724.1877562,6.75,58530.1,34388,948429215102,2294.054,12541,100.6,70000.3177
2021-10-01 00:00:00,12927.66667,224.9,3483.7,983.3,16678.14271,172.1,3.3,60606.2,18416.7,85324.6,3302.02848,26842.5,327.1,1894.80188,98049,18506.4,34416,122631,1915,5033.6,54649,5063,3130.133333,72.3,607.95,4.3,27917,7020,9.7077,30735,150.8,6863.5,1095.5,1095.5,79.7,204.9,4636.227,500.3,489,1369,13898.52,365.15,9470.64,10688.67,1849,53.30727,153.6,9.7077,219.5,4071.275,4221.789048,350.18,1449,24161,19.69523876,2928.75,94.47898071,1449,5579,3519,19420,745.3,98.4,71.45009091,100.5,9759.62,605021125032,730.8307834,6.75,58604,33766,984328029414,2329.605,10255,101.1,71840.5188
2021-11-01 00:00:00,12927.66667,225.6,3433.1,984,16737.638,172.6,3.2,60813.7,18578.7,86570.7,3670.72088,28698.51,330.1,2089.16774,103436,19222.91237,37154,129808,1799.6,5133.3,55639,5600,3130.133333,72.2,587.16,4.3,28802,8920,8.891,34492,151,7261,1131.9,1131.9,79.7,206,4707.074,486.8,476.3,1344,13945.07,338.23,9462.04,11194.08,1855,56.94105,151.2,8.891,221.8,4265.57,4071.658095,334.24,1629,23347,21.75483963,2646,93.60043582,1506,6168,3018,19640,816,100.1,72.69891053,100.8,9632.03,546824325426,730.57,7.5,59312.72232,31517,1034386115137,2430.559,13807,101,74842.1938
2021-12-01 00:00:00,12927.66667,225.8,4176.2,1053.7,16764.97814,172.7,3.2,62312.5,18728.2,88379.2,4313.50027,29457.66,333.1,2285.82901,98191,18681.1,38870,132876,1639,5234.8,77994,5699,3130.133333,72.5,584.15,4.3,29632,13200,11.4063,34854,150.9,6600,1580.4,1580.4,79.7,224.8,4279.783,493,482.4,1257,13886.33,305.34,8833.46,11149.68,1860,53.35652,157.8,11.4063,253.1,4239.336,3761.187727,342.39,1817,23052,27.54988125,2646.25,92.51844924,1380.5,6533,2217,19987.5,785.5,100,73.6,100.8,9509.4,391040345613,738.5496077,7.5,58557.1,28800,826417192987,2248.153,15818,100.8,86683.4958
2022-01-01 00:00:00,11543,225.2,3221.6,989.5,16486.443,172.2,3.3,66252.9,18665,89649.5,3567.4745,29788.26,335.9,1815.1232,102211,18839.7,41264,130462,1722,5427.2,55717,5863,1331.7,71.5,590.3,4.4,30642,12596,10.3432,31997,150.5,6594,522.8,522.8,79.7,192.2,5009.907,488.3,479.7,786,13565.35,268.64,9232.76,11188.44,2226,57.38,150.2,10.3432,188.7,4483.923,3585.712857,334.8,1176,23269,22.87821784,3000.63,92.52112367,1369.5,6142,1418,22232.5,765.8,102.9,76.59474667,101.3,9772.3,525326110431,726.593,8.5,59702,29851,1070976882661,2462.823,17995,101,69167.2798
2022-02-01 00:00:00,11543,223.8,3255.7,992.5,16494.49816,171.4,3.1,65310.3,18823.9,90121.1,4118.0375,28594.62,338.6,1803.8654,100261,18737.5,40779,129951,1637.8,5512.2,57344,5484,1331.7,71.7,564.82,4.1,31681,13068,9.9944,39139,150.2,6878,592.5,592.5,79.7,188.8,5816.181,439.8,431.2,915,13610.27,208,8910.57,10359.74,2318,57.72526,142.4,9.9944,191.9,4592.624,3343.366111,228,1184,27873,29.98821928,3220.75,91.91852144,1395.5,5987,2040,23402.5,785.4,100.1,77.16937368,101.1,9928.28,564629619210,726.7992952,8.5,59488,30828,1016931279102,2595.284,12906,101.2,68652
2022-03-01 00:00:00,11543,222.2,3749.6,1036.3,16609.07498,170.4,3.1,66659.7,19826.5,80655.5,4144.6531,32275.54,341,1815.5241,99526,17693.3,35751,131399,1132,6013.3,66757,5490,1331.7,71.4,479,4.1,32272,15998,8.9474,46781,149.9,5315,821.9,821.9,79.7,200.8,8667.058,497.4,487.5,931,12935.11,131.5,6712.31,8802.86,2313,83.72591,154,8.9474,206.1,6467.795,2519.728333,242.48,1300,27069,22.51017664,3528.5,84.55831997,1190.5,6336,2358,35667.5,1102,103.4,103.4700455,106.3,10389.32,36142455236,733.3404869,20,58518,25436,70495969644,3480.859,8682,107.6,62820
2022-04-01 00:00:00,11554.66667,220.7,3387.2,1018.5,16606.18528,169.3,3,68203.5,20081.6,80611.5,3500.4551,38191.8,343.3,1533.3396,105233,18067.5,36232,142321,1455,6252.5,62269,8196,1909.066667,71.9,519.67,4,32776,23000,8.3152,51598,149.6,5668.5,897.6,897.6,79.7,189.6,5821.005,469.2,459.3,1008,13052.3,123.85,7196.89,9155.61,2722,61.945,142.3,8.3152,197.1,4853.193,2464.659048,240.4,1243,20635,25.25206734,3277,83.99767119,1111.5,6292,2404,33250,1075.3,100.3,77.89918636,101.6,10368.1,125531826325,732.6067525,17,57143.2,22704,274008011925,2425.03,15597,101.6,56867
2022-05-01 00:00:00,11554.66667,219.6,3417.9,1002,16611.419,168.5,2.9,68475.3,20187.1,78287.8,3110.0917,32642.98,345.4,1362.3448,106281,18318.8,37210,148248,1036.8,6335.3,62457,7099,1909.066667,71.9,563.61,3.9,33031,17428,6.8709,33146,149.4,4746,896.7,896.7,79.6,187.1,4171.001,475.7,465.9,889,11005.37,120.52,6398.02,8684.01,3198,44.53882,145,6.8709,192.3,3757.711,2373.321667,293.75,1275,14985,27.60497915,2871.25,86.1058783,1010,5143,2566,27910,1137.6,98.3,63.31274118,101.2,9399.99,66778849447,732.523,14,56433.3,20433,259916508075,1954.682,22225,100.1,52195
2022-06-01 00:00:00,11554.66667,219.2,3437.8,1029.9,16619.899,168,3,68993.41499,20070.9,76910.1,2521.5894,31919.69,347.6,1104.5572,103627,18550.1,37494,153742,907.8,6191.3,66572,7125,1909.066667,72,579.35,3.9,33067,16496,8.1399,30159,149.2,4050,1100.6,1100.6,79.4,189.5,3539.929,440.5,429.7,890,12475.93,131.5,6252.99,7607.19,3137,39.75286,146.8,8.1399,199.3,3379.304,2341.398571,207,1208,15629,24.78258058,2552.38,86.03930494,1037.5,4755,2240,25648.75,1056.1,104.3,57.17855714,100.1,9122.21,125095427809,732.24,11,56507.5,19951,377108815652,1762.301,21865,99.7,53123
2022-07-01 00:00:00,12276.33333,219.3,3529.9,1038.7,16681.441,167.8,2.9,69623.2,19968.9,75306.3,3021.8657,34249.27,349.9,1323.6982,101941,19998.20727,37954,148317,1025.8,5864,62200,7825,2232.066667,72.1,607.9,3.9,32971,18022,8.008,29625,148.9,3915,1144,1144,79.3,191.8,3680.244,449.1,438.2,802,10774.98,129.75,6264.23,6467.28,3527,35.88318,147.7,8.008,203.6,3261.9,2150.73619,195.26,1235,16565,29.16741095,2421.75,87.97921321,1141,4616,1895,21565,813.25,117.82,58.2214,100.4,7476.45,112425993349,733.626,9.5,58111.73483,20874,282262034207,1634.84,21389,99.6,54519
2022-08-01 00:00:00,12276.33333,220,3627.2,1085.6,16231.107,168,2.9,70825.4,19850.1,77769.8,2975.5347,33112.83,352.4,1303.4034,102272,18881.7,38581,148412,1055.2,5636.4,59907,7450,2232.066667,72.6,618.6,3.8,33173,16620,9.0685,27859,148.6,3883,1188.4,1188.4,79.2,194.1,4150.399,458.4,447.1,732,12155.89,131.5,6129.98,6012.08,3058,38.58591,148.4,9.0685,207.1,3433.563,2194.585652,254.9,1253,15488,27.68799784,2428.5,88.12370672,992.5,4690,965,22147.5,784.9,100.2,60.39191818,100.6,7946.04,140762599713,727.45,8,56797.9,26367,292693345913,1773.438,23093,99.5,54069
2022-09-01 00:00:00,12276.33333,220.8,3532.9,1080.8,16226.31,168.4,2.9,73333.3,19821.8,79186.4,2829.6413,36288.51,355.4,1239.4963,102536,18773.4,39317,142744,1133.8,5500.6,61879,7950,2232.066667,72,616.89,3.9,33425,17744,9.4513,27675,148.2,4250.5,1274.1,1274.1,79.3,194.6,4045.154,439.9,429.3,845,11869.9,126.24,6524.91,6226.92,3112,36.14409,147.2,9.4513,208.2,3246.386,2276.477273,217.7,1348,12638,26.58149662,2266,87.86193452,1037.5,5011,1760,22698.75,863.2,100.2,59.8215,100.2,7636.01,161470463880,726.102,8,56582.4,25014,559045533950,1688.176,26679,100.1,51955
2022-10-01 00:00:00,12700,221.5,3573.4,1082,16228.832,168.9,2.9,75096.8,19885.9,80486,3032.7091,28911.19,358.5,1328.4481,98942,19282.9,38689,148142,976.4,5500.1,62470,6305,3749.6,72.1,579.45,3.9,33916,14700,8.6762,25345,147.8,3980,1301.8,1301.8,79.5,201.2,4145.776,466.6,455.7,942,10792.19,116.35,5346.58,4659.1,3030,38.00048,150.7,8.6762,215.5,3272.622,2034.042857,170.27,1474,7742,27.88574812,2260.5,87.35361191,790,5517,1463,22200,873.4,98.4,61.11584286,100.6,7558.02,168393836617,721.831,7.5,56591.7,19367,277729510705,1783.208,30947,100.2,46431
2022-11-01 00:00:00,12700,222,3578.2,1096.5,16439.456,169.4,2.7,75636.5,19903.4,82591.1,3010.0365,30419.53,361.2,1318.5166,98218,18560.59099,39717,142771,1105.8,5511.3,63060,6339,3749.6,72.4,603.29,3.7,34181,16144,5.449,26172,147.5,4725,1297.2,1297.2,79.5,203.3,3751.705,459.7,449.5,884,11374.08,136.61,5928.3,5384.06,3125,40.84476,148.6,5.449,219,3365.745,2197.44,167.7,1671,8597,27.79682238,2383.75,87.86131025,926,5839,1355,25630,809.4,100,60.85299524,100.5,8028.99,140752000866,708.555,7.5,56033.97223,16956,147308483058,1928.91,31120,100.4,48314
2022-12-01 00:00:00,12700,222.2,4201.1,1175.2,17416.076,169.9,2.8,76873.3,20224.9,83450.1,3466.939,31196.01,363.4,1518.6582,97588,19662.5,40507,145837,1043.6,5562.6,88468,6458,3749.6,72.1,608.87,3.7,34641,18024,9.449,23768,147.2,4618,1827.9,1827.9,79.5,217.9,3821.402,470.4,460,1029,11389.51,138.64,5719.93,5661.42,3159,48.95043,154.8,9.449,241.6,3796.31,2156.263636,162.56,1807,7164,29.6023883,2439.13,86.5686694,923.5,6048,1515,28967.5,757.4,100.9,65.81498696,100.2,8429.4,132194040369,703.974,7.5,57372.8,17692,144185919071,2130.28,33343,100.8,47671